# Host: localhost  (Version 5.6.39)
# Date: 2019-03-11 16:33:12
# Generator: MySQL-Front 6.1  (Build 1.26)


#
# Structure for table "sys_log"
#

CREATE TABLE `sys_log` (
  `id` bigint(20) unsigned NOT NULL COMMENT '主键',
  `gmt_create` datetime NOT NULL DEFAULT CURRENT_TIMESTAMP COMMENT '创建时间',
  `user_no` bigint(20) unsigned NOT NULL DEFAULT '0' COMMENT '操作人',
  `real_name` varchar(50) NOT NULL COMMENT '真实姓名',
  `ip` varchar(255) DEFAULT '' COMMENT 'IP地址',
  `operation` varchar(255) DEFAULT '' COMMENT '用户操作',
  `method` varchar(255) DEFAULT '' COMMENT '请求方法',
  `path` varchar(255) DEFAULT '' COMMENT '请求路径',
  `content` varchar(5000) DEFAULT '' COMMENT '请求参数',
  PRIMARY KEY (`id`)
) ENGINE=InnoDB DEFAULT CHARSET=utf8mb4 ROW_FORMAT=COMPACT COMMENT='后台操作日志表';

#
# Data for table "sys_log"
#

INSERT INTO `sys_log` VALUES (1087612566293417986,'2019-01-22 15:26:55',2018033111202589416,'超级管理员','113.111.55.245','录播课程审核','POST','/course/courseAudit/audit','{\"pageCurrent\":0,\"pageSize\":0,\"id\":1085453180200448002,\"auditStatus\":1,\"auditOpinion\":\"系统默认通过\"}'),(1087983955948609537,'2019-01-23 16:04:09',2018033111202589416,'超级管理员','0:0:0:0:0:0:0:1','站点信息更新','POST','/system/website/updateWebsite','{\"pageCurrent\":0,\"pageSize\":0,\"id\":934374967448227841,\"websiteTitle\":\"领课教育1\",\"websiteKeyword\":\"领课教育,领课网络,在线教育\",\"websiteDesc\":\"领课在线教育开源系统是基于领课团队多年的在线教育开发和运营经验的产品\",\"copyright\":\"Copyright &copy; 2018-2023 领课教育 版权所有\",\"icp\":\"粤ICP备16009964号-1\",\"prn\":\"粤公网安备 44010602005774号\",\"isEnableStatistics\":1,\"isShowService\":1,\"service1\":\"297115770\",\"service2\":\"3155237748\"}'),(1102816207228772353,'2019-03-05 14:20:45',2018033111202589416,'超级管理员','113.111.48.159','录播课程审核','POST','/course/courseAudit/audit','{\"pageCurrent\":0,\"pageSize\":0,\"id\":1085453180200448002,\"auditStatus\":1,\"auditOpinion\":\"系统默认通过\"}'),(1102867757029478401,'2019-03-05 17:47:08',2018033111202589416,'超级管理员','0:0:0:0:0:0:0:1','录播课程审核','POST','/course/courseAudit/audit','{\"pageCurrent\":0,\"pageSize\":0,\"id\":1080752794290032642,\"auditStatus\":1,\"auditOpinion\":\"系统默认通过\"}'),(1102868619776831490,'2019-03-05 17:50:34',2018033111202589416,'超级管理员','0:0:0:0:0:0:0:1','录播课程审核','POST','/course/courseAudit/audit','{\"pageCurrent\":0,\"pageSize\":0,\"id\":1085453180200448002,\"auditStatus\":1,\"auditOpinion\":\"系统默认通过\"}'),(1102869835911081986,'2019-03-05 17:55:24',2018033111202589416,'超级管理员','0:0:0:0:0:0:0:1','录播课程审核','POST','/course/courseAudit/audit','{\"pageCurrent\":0,\"pageSize\":0,\"id\":1085453180200448002,\"auditStatus\":1,\"auditOpinion\":\"系统默认通过\"}'),(1102870024788979713,'2019-03-05 17:56:09',2018033111202589416,'超级管理员','0:0:0:0:0:0:0:1','录播课程审核','POST','/course/courseAudit/audit','{\"pageCurrent\":0,\"pageSize\":0,\"id\":1085453180200448002,\"auditStatus\":1,\"auditOpinion\":\"系统默认通过\"}'),(1102871704779698178,'2019-03-05 18:02:50',2018033111202589416,'超级管理员','0:0:0:0:0:0:0:1','录播课程审核','POST','/course/courseAudit/audit','{\"pageCurrent\":0,\"pageSize\":0,\"id\":1080759557655564289,\"auditStatus\":1,\"auditOpinion\":\"系统默认通过\"}'),(1102872414426574849,'2019-03-05 18:05:39',2018033111202589416,'超级管理员','0:0:0:0:0:0:0:1','录播课程审核','POST','/course/courseAudit/audit','{\"pageCurrent\":0,\"pageSize\":0,\"id\":1080759102707798018,\"auditStatus\":1,\"auditOpinion\":\"系统默认通过\"}'),(1102877039468818433,'2019-03-05 18:24:01',2018033111202589416,'超级管理员','0:0:0:0:0:0:0:1','录播课程审核','POST','/course/courseAudit/audit','{\"pageCurrent\":0,\"pageSize\":0,\"id\":1080758482462511106,\"auditStatus\":1,\"auditOpinion\":\"系统默认通过\"}'),(1102877626100953090,'2019-03-05 18:26:21',2018033111202589416,'超级管理员','0:0:0:0:0:0:0:1','录播课程审核','POST','/course/courseAudit/audit','{\"pageCurrent\":0,\"pageSize\":0,\"id\":1080757537695535105,\"auditStatus\":1,\"auditOpinion\":\"系统默认通过\"}'),(1102878378311626753,'2019-03-05 18:29:21',2018033111202589416,'超级管理员','0:0:0:0:0:0:0:1','录播课程审核','POST','/course/courseAudit/audit','{\"pageCurrent\":0,\"pageSize\":0,\"id\":1080757024136564738,\"auditStatus\":1,\"auditOpinion\":\"系统默认通过\"}'),(1102879222457249793,'2019-03-05 18:32:42',2018033111202589416,'超级管理员','0:0:0:0:0:0:0:1','录播课程审核','POST','/course/courseAudit/audit','{\"pageCurrent\":0,\"pageSize\":0,\"id\":1080753909630963714,\"auditStatus\":1,\"auditOpinion\":\"系统默认通过\"}'),(1102879370209996802,'2019-03-05 18:33:17',2018033111202589416,'超级管理员','0:0:0:0:0:0:0:1','录播课程审核','POST','/course/courseAudit/audit','{\"pageCurrent\":0,\"pageSize\":0,\"id\":1080749913478467586,\"auditStatus\":1,\"auditOpinion\":\"系统默认通过\"}'),(1102879702436622337,'2019-03-05 18:34:36',2018033111202589416,'超级管理员','0:0:0:0:0:0:0:1','录播课程审核','POST','/course/courseAudit/audit','{\"pageCurrent\":0,\"pageSize\":0,\"id\":1080748086536114177,\"auditStatus\":1,\"auditOpinion\":\"系统默认通过\"}'),(1105003947971227649,'2019-03-11 15:14:05',2018033111202589416,'超级管理员','0:0:0:0:0:0:0:1','修改状态','POST','/user/userExt/updateStatusId','{\"pageCurrent\":0,\"pageSize\":0,\"id\":1085812436996784129,\"statusId\":0}'),(1105003972281413633,'2019-03-11 15:14:11',2018033111202589416,'超级管理员','0:0:0:0:0:0:0:1','修改状态','POST','/user/userExt/updateStatusId','{\"pageCurrent\":0,\"pageSize\":0,\"id\":1085812436996784129,\"statusId\":1}'),(1105005856199192577,'2019-03-11 15:21:40',2018033111202589416,'超级管理员','0:0:0:0:0:0:0:1','讲师信息修改','POST','/user/lecturerAudit/update','{\"pageCurrent\":0,\"pageSize\":0,\"id\":1064776676173942786,\"sort\":1,\"lecturerUserNo\":2018112015051635,\"lecturerName\":\"领课\",\"lecturerEmail\":\"13800138011@qq.com\",\"introduce\":\"<p>广州市领课网络科技有限公司成立于2015年，由多名长期从事在线教育和互联网金融系统技术服务的行业精英共同创办。在互联网及大数据时代背景下，整合互联网技术及在线教育的优势，打造在线教育平台，为企业节省研发费用和时间，助力机构和讲师建立自己的在线教育品牌。</p> \\n<p>旗下的产品有“领课教育云”、“领课教育系统”和“龙果支付系统”，教育云主要提供平台运营服务，教育系统主要提供技术系统，支付系统主要提供互联网聚合支付系统的销售及对应的技术服务。</p> \\n<p>教育云是一个通用的SaaS教育云服务平台，可以单独为不同的机构设置不同的网站，让机构可以有自己独立的品牌和域名独立运营。平台除了整合会员注册、课程购买、点播、直播等常规在线教育平台的功能,还整合了视频加密、打水印、跑马灯等视频保护技术。机构通过在线教育可以打造自己的线上运营品牌，积累自有的会员体系，对于线下有教学点的机构在线教学网站可以作为线下流量新的增长点和入口，并通过互联网无边界的传播覆盖来打破地域限制。</p>\",\"lecturerProportion\":70}'),(1105005905444515842,'2019-03-11 15:21:52',2018033111202589416,'超级管理员','0:0:0:0:0:0:0:1','讲师信息审核','POST','/user/lecturerAudit/audit','{\"pageCurrent\":0,\"pageSize\":0,\"id\":1064776676173942786,\"auditStatus\":1,\"auditOpinion\":\"系统默认通过\"}'),(1105006200413138946,'2019-03-11 15:23:02',2018033111202589416,'超级管理员','0:0:0:0:0:0:0:1','录播课程修改','POST','/course/courseAudit/update','{\"pageCurrent\":0,\"pageSize\":0,\"id\":1085453180200448002,\"sort\":1,\"courseName\":\"测试下单课程\",\"introduceId\":1085453180192059393,\"isFree\":0,\"courseOriginal\":0.1,\"courseDiscount\":0.1,\"introduce\":\"<p></p>\\n<p>该课程仅限于测试下单&nbsp;&nbsp;<br /></p>\\n<p></p>\\n<p><br /></p>\"}'),(1105006266729279489,'2019-03-11 15:23:18',2018033111202589416,'超级管理员','0:0:0:0:0:0:0:1','录播课程审核','POST','/course/courseAudit/audit','{\"pageCurrent\":0,\"pageSize\":0,\"id\":1085453180200448002,\"auditStatus\":1,\"auditOpinion\":\"系统默认通过\"}');

#
# Structure for table "sys_menu"
#

CREATE TABLE `sys_menu` (
  `id` bigint(20) unsigned NOT NULL AUTO_INCREMENT COMMENT '主键',
  `gmt_create` datetime NOT NULL DEFAULT CURRENT_TIMESTAMP COMMENT '创建时间',
  `gmt_modified` datetime NOT NULL DEFAULT CURRENT_TIMESTAMP COMMENT '修改时间',
  `status_id` tinyint(3) unsigned NOT NULL DEFAULT '1' COMMENT '状态(1:正常，0:禁用)',
  `sort` int(11) unsigned NOT NULL DEFAULT '1' COMMENT '排序',
  `parent_id` bigint(20) unsigned NOT NULL COMMENT '父ID',
  `menu_name` varchar(50) NOT NULL COMMENT '菜单名称',
  `menu_url` varchar(255) NOT NULL COMMENT '菜单路径',
  `menu_icon` varchar(255) DEFAULT NULL COMMENT '菜单图标',
  `target_name` varchar(50) DEFAULT NULL COMMENT '目标名称',
  `remark` varchar(255) DEFAULT NULL COMMENT '备注',
  PRIMARY KEY (`id`)
) ENGINE=InnoDB AUTO_INCREMENT=559 DEFAULT CHARSET=utf8mb4 ROW_FORMAT=COMPACT COMMENT='菜单信息';

#
# Data for table "sys_menu"
#

INSERT INTO `sys_menu` VALUES (1,'2018-02-06 14:42:49','2018-02-06 17:18:59',1,100,0,'订单管理','','','',''),(2,'2018-02-06 14:48:19','2018-02-06 17:21:48',1,100,1,'订单管理','','','',''),(3,'2018-02-06 14:48:29','2018-02-07 09:50:50',1,100,2,'订单列表','/course/orderInfo/list','','course-orderInfo',''),(8,'2018-02-06 15:11:28','2018-02-06 17:19:12',1,80,0,'讲师管理','','','',''),(10,'2018-02-06 15:12:06','2018-04-26 11:11:40',1,10,8,'讲师分润','/user/lecturerProfit/list','','user-lecturerProfit',''),(11,'2018-02-06 15:13:50','2018-02-06 17:23:08',1,100,8,'讲师管理','','','',''),(13,'2018-02-06 17:19:25','2018-02-06 17:19:25',1,70,0,'学员管理','','','',NULL),(14,'2018-02-06 17:19:37','2018-02-06 17:19:37',1,90,0,'课程管理','','','',''),(16,'2018-02-06 17:19:56','2018-02-06 17:19:56',1,95,0,'首页管理','','','',''),(17,'2018-02-06 17:20:01','2018-02-06 17:20:01',1,1,0,'系统管理','','','',NULL),(27,'2018-02-06 17:23:45','2018-03-26 10:32:43',1,1000,11,'讲师列表','/user/lecturer/list','','user-lecturer',''),(28,'2018-02-06 17:24:35','2018-04-26 11:11:51',1,90,10,'分润记录','/user/lecturerProfit/list','','user-lecturerProfit',''),(30,'2018-02-06 17:26:51','2018-02-07 09:50:58',1,100,13,'学员管理','','','',''),(33,'2018-02-06 17:27:22','2018-02-26 10:41:43',1,70,30,'学员列表','/user/userExt/list','','user-userExt',''),(38,'2018-02-06 17:28:55','2018-02-27 12:16:50',1,1000,14,'课程管理','/course/course/list','','course-course',''),(39,'2018-02-06 17:29:07','2018-02-06 17:31:29',1,90,14,'分类管理','','','',''),(52,'2018-02-06 17:36:38','2018-02-06 17:36:38',1,100,17,'权限管理','','','',''),(56,'2018-02-06 17:37:12','2018-02-24 16:27:07',1,5,52,'角色管理','/admin/sysRole/list','','admin-sysRole',''),(57,'2018-02-06 17:37:17','2018-02-24 16:26:58',1,10,52,'用户管理','/admin/sysUser/list','','',''),(63,'2018-02-06 17:40:59','2018-02-06 17:44:49',1,1,56,'删除','/admin/sysRole/delete','','admin-sysMenu',''),(64,'2018-02-06 17:41:11','2018-02-06 17:44:46',1,9,56,'修改','/admin/sysRole/edit','','',''),(65,'2018-02-06 17:41:20','2018-02-06 17:44:43',1,10,56,'添加','/admin/sysRole/add','','',''),(68,'2018-02-06 17:42:14','2018-02-06 17:42:30',1,10,56,'菜单设置','/admin/sysMenuRole/set','','admin-sysMenu',''),(69,'2018-02-06 17:43:09','2018-02-06 17:43:09',1,7,57,'删除','/admin/sysUser/delete','','sysUser-set',''),(70,'2018-02-06 17:43:23','2018-02-06 17:43:23',1,90,57,'修改','/admin/sysUser/edit','','sysUser-set',''),(71,'2018-02-06 17:43:32','2018-02-06 17:43:32',1,100,57,'添加','/admin/sysUser/add','','sysUser-set',''),(76,'2018-02-06 17:56:49','2018-03-13 15:32:53',1,1000,38,'课程列表','/course/course/list','','course-course',''),(79,'2018-02-06 17:57:42','2018-05-17 09:52:33',1,100,39,'课程分类','/course/courseCategory/list','','course-courseCategory',''),(81,'2018-02-07 09:55:36','2018-02-07 09:55:36',1,70,33,'查看','/user/userExt/view','','user-userExt',''),(82,'2018-02-07 09:56:48','2018-02-07 09:56:48',1,70,33,'修改','/user/userExt/edit','','user-userExt',''),(85,'2018-02-07 10:00:52','2018-02-24 17:54:08',1,1000,3,'备注','/course/orderInfo/edit','','course-orderInfo',''),(96,'2018-02-07 10:12:31','2018-03-23 11:21:59',1,100,38,'课程审核列表','/course/courseAudit/list','','course-courseAudit',''),(100,'2018-02-07 10:17:49','2018-02-27 20:01:02',1,1000,79,'添加','/course/courseCategory/add','','course-courseCategory',''),(103,'2018-02-07 10:19:49','2018-02-07 10:19:49',1,1000,79,'修改','/course/courseCategory/edit','','course-courseCategory',''),(105,'2018-02-07 10:20:35','2018-02-07 10:20:35',1,100,79,'删除','/course/courseCategory/delete','','course-courseCategory',''),(114,'2018-02-23 11:43:21','2018-02-23 11:43:21',1,10,57,'设置角色','/admin/sysRoleUser/set','','sysUser-set',''),(121,'2018-02-27 11:23:33','2018-02-27 11:23:33',1,100,96,'查看','/course/courseAudit/view','','course-courseAudit',''),(122,'2018-02-27 11:24:09','2018-02-27 11:24:09',1,1000,96,'审核','/course/courseAudit/isAudit','','course-courseAudit',''),(124,'2018-02-27 11:25:04','2018-02-27 11:25:04',1,1000,96,'修改','/course/courseAudit/edit','','course-courseAudit',''),(148,'2018-03-05 09:41:29','2018-03-27 11:26:36',1,800,11,'讲师审核列表','/user/lecturerAudit/list','','user-lecturerAudit',''),(154,'2018-03-07 12:32:26','2018-03-07 12:32:26',1,300,148,'修改','/user/lecturerAudit/edit','','user-lecturerAudit',''),(175,'2018-03-07 15:02:29','2018-04-27 15:23:17',1,40,301,'PC端设置','/course/adv/list?platShow=0','','course-adv',''),(176,'2018-03-07 15:03:26','2018-04-27 14:54:19',1,100,175,'添加','/course/adv/add','','course-adv',''),(178,'2018-03-07 15:09:02','2018-04-27 14:54:16',1,90,175,'修改','/course/adv/edit','','course-adv',''),(180,'2018-03-07 15:09:36','2018-04-27 14:54:13',1,70,175,'删除','/course/adv/delete','','course-adv',''),(210,'2018-03-09 17:51:18','2018-03-31 16:20:21',1,70,33,'删除','/user/userExt/update','','user-userExt',''),(211,'2018-03-10 12:08:28','2018-03-10 12:08:28',1,100,3,'订单查看','/course/orderInfo/view','','course-orderInfo',''),(268,'2018-03-27 17:45:46','2018-03-27 17:45:46',1,100,96,'更改状态','/course/courseAudit/updateByStatusId','','course-courseAudit',''),(277,'2018-04-03 21:03:48','2018-04-03 21:03:48',1,70,33,'更新状态','/user/userExt/updateStatusId','','user-userExt',''),(291,'2018-04-10 15:32:48','2018-04-27 14:54:10',1,40,175,'更改状态','/course/adv/status','','course-adv',''),(293,'2018-04-13 09:59:47','2018-04-13 09:59:47',1,9,28,'导出报表','/user/lecturerProfit/export','','user-lecturerProfit',''),(299,'2018-04-27 14:26:08','2018-05-18 17:05:43',1,40,16,'专区管理','/course/zone/list','','course-zone',''),(300,'2018-04-27 14:27:52','2018-05-18 17:05:48',1,40,299,'PC端设置','/course/zone/list?zoneLocation=0','','course-zone',''),(301,'2018-04-27 14:36:31','2018-04-27 14:36:31',1,40,16,'首页轮播','','','',''),(303,'2018-04-28 09:48:21','2018-04-28 15:29:55',1,100,300,'添加','/course/zone/add','','course-zone',''),(305,'2018-04-28 09:50:22','2018-04-28 15:29:29',1,90,300,'修改','/course/zone/edit','','course-zone',''),(307,'2018-04-28 09:52:03','2018-04-28 15:29:33',1,40,300,'更新状态','/course/zone/status','','',''),(308,'2018-04-28 15:31:04','2018-05-03 18:02:28',1,50,300,'专区课程','/course/zoneCourse/list','','course-zone',''),(312,'2018-05-03 16:25:33','2018-05-03 16:25:33',1,60,300,'查看','/course/zone/view','','course-zone',''),(326,'2018-06-14 18:16:10','2018-06-14 18:16:10',1,1,52,'菜单管理','/admin/sysMenu/list','','admin-sysMenu',''),(327,'2018-06-21 18:07:20','2018-06-21 18:07:20',1,75,17,'日志查看','','','',''),(328,'2018-06-21 18:07:29','2018-06-21 18:07:29',1,1,327,'支付日志','/course/orderPay/list','','course-orderPay',''),(329,'2018-06-21 18:07:37','2018-06-21 18:07:37',1,1,327,'操作日志','/admin/sysLog/list','','admin-sysLog',''),(332,'2018-06-25 17:44:27','2018-06-25 17:44:27',1,100,148,'是否审核','/user/lecturerAudit/isAudit','','user-lecturerAudit',''),(336,'2018-06-26 15:21:14','2018-06-26 15:21:14',1,8,28,'标记成功','/user/lecturerProfit/audit','','user-lecturerProfit',''),(337,'2018-06-26 15:22:09','2018-06-26 15:22:09',1,85,28,'审核','/user/lecturerProfit/edit','','user-lecturerProfit',''),(339,'2018-06-28 11:22:03','2018-06-28 11:22:03',1,100,79,'查看','/course/courseCategory/view','','course-courseCategory',''),(341,'2018-07-03 11:39:11','2018-07-03 11:39:11',1,99,17,'平台管理','','','',''),(342,'2018-07-03 11:39:23','2018-07-03 11:39:23',1,1,341,'应用管理','/user/platform/list','','user-platform',''),(343,'2018-11-06 18:43:30','2018-11-06 18:43:30',1,30,16,'站点管理','/course/zone/list','','course-zone',''),(344,'2018-11-06 18:43:54','2018-11-06 18:43:54',1,100,343,'头部导航','/system/navBar/list','','system-navBar',''),(345,'2018-11-06 18:44:17','2018-11-06 18:44:17',1,99,343,'底部导航','/system/websiteNav/list','','system-websiteNav',''),(346,'2018-11-06 18:44:36','2018-11-06 18:44:36',1,97,343,'友情链接','/system/websiteLink/list','','system-websiteLink',''),(347,'2018-11-06 18:45:18','2018-11-06 18:45:18',1,95,344,'更新状态','/system/navBar/updateStatusId','','',''),(348,'2018-11-06 18:45:58','2018-11-06 18:45:58',1,95,344,'修改','/system/navBar/edit','','',''),(350,'2018-11-06 18:46:38','2018-11-06 18:46:38',1,95,344,'添加','/system/navBar/add','','',''),(353,'2018-11-06 18:47:48','2018-11-06 18:47:48',1,95,345,'更新状态','/system/websiteNav/updateStatusId','','',''),(355,'2018-11-06 18:48:13','2018-11-06 18:48:13',1,95,345,'添加','/system/websiteNav/add','','',''),(356,'2018-11-06 18:48:30','2018-11-06 18:48:30',1,100,345,'修改文章','/system/websiteNavArticle/edit','','system-websiteNav',''),(357,'2018-11-06 18:49:09','2018-11-06 18:49:09',1,95,345,'删除','/system/websiteNav/delete','','',''),(358,'2018-11-06 18:49:23','2018-11-06 18:49:23',1,95,345,'修改','/system/websiteNav/edit','','',''),(359,'2018-11-06 18:49:46','2018-11-06 18:49:46',1,95,345,'查看','/system/websiteNav/view','','',''),(360,'2018-11-06 18:50:22','2018-11-06 18:50:22',1,95,346,'更新状态','/system/websiteLink/updateStatusId','','',''),(361,'2018-11-06 18:50:47','2018-11-06 18:50:47',1,95,346,'删除','/system/websiteLink/delete','','',''),(362,'2018-11-06 18:51:04','2018-11-06 18:51:04',1,95,346,'修改','/system/websiteLink/edit','','',''),(366,'2018-11-07 09:32:48','2018-11-07 09:32:48',1,100,345,'添加文章','/system/websiteNavArticle/add','','system-websiteNav',''),(369,'2018-11-07 09:37:21','2018-11-07 09:37:21',1,97,346,'添加','/system/websiteLink/add','','',''),(371,'2018-11-07 16:51:40','2018-11-07 16:51:40',1,100,344,'删除','/system/navBar/delete','','',''),(372,'2018-11-08 11:19:54','2018-11-08 11:19:54',1,800,148,'添加','/user/lecturerAudit/add','','',''),(402,'2018-11-16 10:49:32','2018-11-16 10:49:32',1,1000,27,'设置分成','/user/lecturer/proportion','','course-courseCategory',''),(404,'2018-11-16 10:50:14','2018-11-16 10:50:14',1,100,27,'更新状态','/user/lecturer/status','','course-courseCategory',''),(406,'2018-11-16 16:46:55','2018-11-16 16:46:55',1,1000,76,'设置','/course/course/edit','','',''),(408,'2018-12-20 16:16:07','2018-12-20 16:16:07',1,10,76,'查看','/course/course/view','','course-course',''),(409,'2018-12-20 16:19:57','2018-12-20 16:19:57',1,10,76,'讲师查看','/user/lecturer/get','','course-course',''),(410,'2018-12-20 16:30:48','2018-12-20 16:30:48',1,100,3,'课程查看','/course/course/view','','course-orderInfo',''),(411,'2018-12-20 16:34:52','2018-12-20 16:34:52',1,100,3,'讲师查看','/user/lecturer/get','','course-orderInfo',''),(412,'2018-12-20 16:36:45','2018-12-20 16:36:45',1,100,3,'用户查看','/user/userExt/get','','course-orderInfo',''),(413,'2018-12-20 16:57:45','2018-12-20 16:57:45',1,100,300,'删除','/course/zone/delete','','course-zone',''),(416,'2018-12-20 17:18:05','2018-12-20 17:18:05',1,100,96,'讲师查看','/user/lecturer/get','','course-courseAudit',''),(417,'2018-12-20 17:21:57','2018-12-20 17:21:57',1,100,27,'查看','/user/lecturer/view','','user-lecturer',''),(418,'2018-12-20 17:23:27','2018-12-20 17:23:27',1,8,148,'查看','/user/lecturerAudit/view','','user-lecturerAudit',''),(419,'2018-12-20 17:26:51','2018-12-20 17:26:51',1,90,28,'打款','/user/lecturerProfit/isStatus','','user-lecturerProfit',''),(421,'2018-12-20 17:34:06','2018-12-20 17:34:06',1,70,33,'学习记录','/course/courseUserStudyLog/list','','user-userExt',''),(422,'2018-12-20 17:56:08','2018-12-20 17:56:08',1,1,57,'身份登录','/admin/sysUser/proportion','','admin-sysUser',''),(423,'2018-12-20 18:04:05','2018-12-20 18:04:05',1,10,342,'添加','/user/platform/add','','user-platform',''),(425,'2018-12-20 18:05:00','2018-12-20 18:05:00',1,1,342,'查看','/user/platform/view','','user-platform',''),(426,'2018-12-20 18:05:31','2018-12-20 18:05:31',1,10,342,'修改','/user/platform/edit','','user-platform',''),(428,'2018-12-20 18:06:19','2018-12-20 18:06:19',1,1,342,'删除','/user/platform/delete','','user-platform',''),(432,'2018-12-24 11:57:36','2018-12-24 11:57:36',1,10,57,'站点设置','/system/website/set','','system-website',''),(434,'2018-12-24 11:59:20','2018-12-24 11:59:20',1,10,57,'系统设置','/system/sys/set','','system-sys',''),(436,'2018-12-24 17:29:36','2018-12-24 17:29:36',1,10,326,'添加','/admin/sysMenu/add','','admin-sysMenu',''),(438,'2018-12-24 17:34:08','2018-12-24 17:34:08',1,10,326,'修改','/admin/sysMenu/edit','','admin-sysMenu',''),(439,'2018-12-24 17:34:37','2018-12-24 17:34:37',1,1,326,'删除','/admin/sysMenu/delete','','admin-sysMenu',''),(440,'2018-12-24 17:35:07','2018-12-24 17:35:07',1,1,326,'添加下级菜单','/admin/sysMenu/save/sub','','admin-sysMenu',''),(442,'2018-12-26 11:31:44','2018-12-26 11:31:44',1,1000,27,'修改','/user/lecturer/edit','','user-lecturer',''),(473,'2018-12-28 17:02:08','2018-12-28 17:02:08',1,100,3,'更新','/course/orderInfo/update','','course-orderInfo',''),(474,'2018-12-28 17:02:25','2018-12-28 17:02:25',1,100,3,'报表导出','/course/orderInfo/export','','course-orderInfo',''),(475,'2018-12-28 17:04:48','2018-12-28 17:04:48',1,40,175,'保存','/course/adv/save','','course-advInfo',''),(476,'2018-12-28 17:05:03','2018-12-28 17:05:03',1,40,175,'更新','/course/adv/update','','course-adv',''),(477,'2018-12-28 17:05:25','2018-12-28 17:05:25',1,40,300,'保存','/course/zone/save','','course-zone',''),(478,'2018-12-28 17:05:45','2018-12-28 17:05:45',1,40,300,'更新','/course/zone/update','','zone-zone',''),(479,'2018-12-28 17:06:38','2018-12-28 17:06:38',1,1,342,'更新','/user/platform/update','','user-platform',''),(480,'2018-12-28 17:06:52','2018-12-28 17:06:52',1,1,342,'保存','/user/platform/save','','user-platform',''),(481,'2018-12-28 17:07:12','2018-12-28 17:07:12',1,1,326,'更新','/admin/sysMenu/update','','admin-sysMenu',''),(482,'2018-12-28 17:07:58','2018-12-28 17:07:58',1,1,326,'保存','/admin/sysMenu/save','','admin-sysMenu',''),(483,'2018-12-28 17:08:33','2018-12-28 17:08:33',1,1,56,'菜单保存','/admin/sysMenuRole/save','','sysUser-save',''),(484,'2018-12-28 17:08:46','2018-12-28 17:08:46',1,1,56,'保存','/admin/sysRole/save','','admin-sysRole',''),(485,'2018-12-28 17:09:00','2018-12-28 17:09:00',1,1,56,'更新','/admin/sysRole/update','','admin-sysRole',''),(486,'2018-12-28 17:12:07','2018-12-28 17:12:07',1,10,57,'设置角色保存','/admin/sysRoleUser/save','','sysUser-save',''),(487,'2018-12-28 17:12:25','2018-12-28 17:12:25',1,10,57,'站点设置保存','/system/website/updateWebsite','','system-website',''),(488,'2018-12-28 17:12:40','2018-12-28 17:12:40',1,10,57,'系统设置保存','/system/sys/updateSys','','system-sys',''),(489,'2018-12-28 17:12:53','2018-12-28 17:12:53',1,1,57,'更新','/admin/sysUser/update','','admin-sysUser',''),(490,'2018-12-28 17:13:12','2018-12-28 17:13:12',1,100,57,'选择用户','/user/user/sysUserList','','sysUser-set',''),(491,'2018-12-28 17:13:26','2018-12-28 17:13:26',1,1,57,'保存','/admin/sysUser/save','','admin-sysUser',''),(492,'2018-12-28 17:14:17','2018-12-28 17:14:17',1,1000,27,'更新','/user/lecturer/update','','user-lecturer',''),(493,'2018-12-28 17:14:39','2018-12-28 17:14:39',1,800,148,'保存','/user/lecturerAudit/save','','user-lecturerAudit',''),(494,'2018-12-28 17:14:51','2018-12-28 17:14:51',1,100,148,'更新','/user/lecturerAudit/update','','user-lecturerAudit',''),(495,'2018-12-28 17:15:02','2018-12-28 17:15:02',1,800,148,'审核','/user/lecturerAudit/audit','','user-lecturerAudit',''),(496,'2018-12-28 17:15:32','2018-12-28 17:15:32',1,80,28,'修改状态','/user/lecturerProfit/audit','','user-lecturerProfit',''),(497,'2018-12-28 17:15:46','2018-12-28 17:15:46',1,90,28,'更新','/user/lecturerProfit/list','','user-lecturerProfit',''),(498,'2018-12-28 17:16:10','2018-12-28 17:16:10',1,1000,76,'更新','/course/course/update','','course-course',''),(499,'2018-12-28 17:16:36','2018-12-28 17:16:36',1,100,96,'更新','/course/courseAudit/update','','course-courseAudit',''),(500,'2018-12-28 17:16:57','2018-12-28 17:16:57',1,100,96,'审核更新','/course/courseAudit/audit','','course-courseAudit',''),(501,'2018-12-28 17:17:29','2018-12-28 17:17:29',1,90,79,'更新','/course/courseCategory/update','','course-courseCategory',''),(502,'2018-12-28 17:17:36','2018-12-28 17:17:36',1,90,79,'保存','/course/courseCategory/save','','course-courseCategory',''),(503,'2018-12-28 17:18:06','2018-12-28 17:18:06',1,95,344,'保存','/system/navBar/save','','system-navBar',''),(504,'2018-12-28 17:18:15','2018-12-28 17:18:15',1,95,344,'更新','/system/navBar/update','','system-navBar',''),(505,'2018-12-28 17:18:48','2018-12-28 17:18:48',1,99,345,'保存','/system/websiteNav/save','','system-websiteNav',''),(506,'2018-12-28 17:19:13','2018-12-28 17:19:13',1,95,345,'更新','/system/websiteNav/update','','system-websiteNav',''),(507,'2018-12-28 17:19:34','2018-12-28 17:19:34',1,96,345,'文章保存','/system/websiteNavArticle/save','','system-websiteNav',''),(508,'2018-12-28 17:19:45','2018-12-28 17:19:45',1,95,345,'文章更新','/system/websiteNavArticle/update','','system-websiteNav',''),(509,'2018-12-28 17:20:07','2018-12-28 17:20:07',1,97,346,'保存','/system/websiteLink/save','','system-websiteLink',''),(510,'2018-12-28 17:20:16','2018-12-28 17:20:16',1,95,346,'更新','/system/websiteLink/update','','system-websiteLink',''),(511,'2018-12-28 17:21:18','2018-12-28 17:21:18',1,50,300,'专区课程删除','/course/zoneCourse/delete','','course-zone',''),(512,'2018-12-28 17:21:54','2018-12-28 17:21:54',1,40,300,'专区课程查看','/course/zoneCourse/view','','course-zone',''),(513,'2018-12-28 17:22:24','2018-12-28 17:22:24',1,40,300,'专区课程修改','/course/zoneCourse/edit','','course-zone',''),(514,'2018-12-28 17:22:39','2018-12-28 17:22:39',1,40,300,'专区课程更新','/course/zoneCourse/update','','course-zone',''),(515,'2018-12-28 17:23:04','2018-12-28 17:23:04',1,40,300,'专区课程添加','/course/zoneCourse/courseList','','course-zone',''),(516,'2018-12-28 17:23:33','2018-12-28 17:23:33',1,40,300,'专区查看课程','/course/course/view','','course-zone',''),(517,'2018-12-28 17:23:51','2018-12-28 17:23:51',1,40,300,'专区课程保存','/course/zoneCourse/save','','course-zone',''),(518,'2018-12-28 18:00:38','2018-12-28 18:00:38',1,40,300,'专区课程更新状态','/course/zoneCourse/status','','course-zone',''),(519,'2018-12-28 18:14:31','2018-12-28 18:14:31',1,1000,79,'添加子级','/course/courseCategory/add2','','course-courseCategory',''),(520,'2018-12-28 18:18:16','2018-12-28 18:18:16',1,800,148,'验证手机号码','/user/lecturerAudit/checkUserAndLecturer','','user-lecturerAudit',''),(521,'2019-03-04 16:23:18','2019-03-04 16:23:18',1,90,17,'消息管理','','','',''),(522,'2019-03-04 16:24:26','2019-03-04 16:24:26',1,1,521,'站内消息','/system/msg/list','','system-msg',''),(523,'2019-03-04 16:24:42','2019-03-04 16:24:42',1,1,522,'添加','/system/msg/add','','system-msg',''),(524,'2019-03-04 16:24:57','2019-03-04 16:24:57',1,1,522,'修改','/system/msg/edit','','system-msg',''),(525,'2019-03-04 16:25:09','2019-03-04 16:25:09',1,1,522,'查看','/system/msg/view','','system-msg',''),(526,'2019-03-04 16:25:31','2019-03-04 16:25:31',1,1,521,'用户消息','/system/msgUser/list','','system-msgUser',''),(527,'2019-03-04 16:25:49','2019-03-04 16:25:49',1,1,526,'查看','/system/msg/view','','system-msg',''),(528,'2019-03-04 16:26:36','2019-03-04 16:26:36',1,1,521,'消息模版','/system/msgTemplate/list','','system-msgTemplate',''),(529,'2019-03-04 16:27:14','2019-03-04 16:27:14',1,1,528,'添加','/system/msgTemplate/add','','system-msgTemplate',''),(530,'2019-03-04 16:27:27','2019-03-04 16:27:27',1,1,528,'修改','/system/msgTemplate/edit','','system-msgTemplate',''),(533,'2019-03-04 16:28:07','2019-03-04 16:28:07',1,1,528,'删除','/system/msgTemplate/delete','','system-msgTemplate',''),(535,'2019-03-05 15:06:34','2019-03-05 15:06:34',1,85,17,'统计图表','','','',''),(536,'2019-03-05 15:07:52','2019-03-05 15:07:52',1,1,535,'播放统计','/course/courseUserStudyLog/courseList','','course-courseUserStudyLog',''),(538,'2019-03-06 15:58:33','2019-03-06 15:58:33',1,20,16,'分类推荐','','','',''),(539,'2019-03-06 16:00:00','2019-03-06 16:00:00',1,20,538,'推荐列表','/course/courseCategory/listFloor','','',''),(540,'2019-03-06 16:00:24','2019-03-06 16:00:24',1,20,539,'课程列表','/course/courseRecommend/list','','',''),(541,'2019-03-06 16:00:56','2019-03-06 16:00:56',1,20,540,'添加','/course/courseRecommend/add','','',''),(543,'2019-03-06 16:01:48','2019-03-06 16:01:48',1,20,540,'删除','/course/courseRecommend/delete','','',''),(544,'2019-03-06 16:02:13','2019-03-06 16:02:13',1,20,540,'修改','/course/courseRecommend/edit','','',''),(546,'2019-03-06 16:04:34','2019-03-06 16:04:34',1,20,540,'保存','/course/courseRecommend/save','','',''),(547,'2019-03-06 16:04:49','2019-03-06 16:04:49',1,20,540,'更新','/course/courseRecommend/update','','',''),(549,'2019-03-07 10:15:29','2019-03-07 10:15:29',1,1,522,'更新','/system/msg/update','','system-msg',''),(550,'2019-03-07 10:15:43','2019-03-07 10:15:43',1,1,522,'保存','/system/msg/save','','system-msg',''),(551,'2019-03-07 10:17:56','2019-03-07 10:17:56',1,1,528,'更新','/system/msgTemplate/update','','system-msgTemplate',''),(552,'2019-03-07 10:18:09','2019-03-07 10:18:09',1,1,528,'保存','/system/msgTemplate/save','','system-msgTemplate',''),(554,'2019-03-07 15:32:12','2019-03-07 15:32:12',1,1,536,'图表','/course/courseUserStudyLog/coursePlayCount','','',''),(555,'2019-03-11 14:47:18','2019-03-11 14:47:18',1,10,57,'修改密码','/admin/sysUser/password','','',''),(556,'2019-03-11 14:50:05','2019-03-11 14:50:05',1,10,57,'更新密码','/admin/sysUser/updateBypassword','','',''),(557,'2019-03-11 15:54:41','2019-03-11 15:54:41',1,20,540,'课程列出','/course/courseRecommend/courseList','','',''),(558,'2019-03-11 16:00:09','2019-03-11 16:00:09',1,20,540,'更新状态','/course/courseRecommend/status','','',''),(559,'2019-03-11 16:23:08','2019-03-11 16:23:08',1,80,17,'发送记录','','','',''),(560,'2019-03-11 16:26:34','2019-03-11 16:26:34',1,80,559,'短信验证码列表','/user/sendSmsLog/list','','user-sendSmsLog',''),(561,'2019-03-11 16:26:59','2019-03-11 16:26:59',1,80,560,'发送验证码','/user/sendSmsLog/add','','',''),(562,'2019-03-11 16:27:22','2019-03-11 16:27:22',1,80,560,'发送','/user/sendSmsLog/send','','',''),(563,'2019-03-11 16:27:54','2019-03-11 16:27:54',1,80,560,'重发','/user/sendSmsLog/reSend','','','');

#
# Structure for table "sys_menu_role"
#

CREATE TABLE `sys_menu_role` (
  `id` bigint(20) unsigned NOT NULL AUTO_INCREMENT COMMENT '主键',
  `gmt_create` datetime NOT NULL DEFAULT CURRENT_TIMESTAMP COMMENT '创建时间',
  `gmt_modified` datetime NOT NULL DEFAULT CURRENT_TIMESTAMP COMMENT '修改时间',
  `status_id` tinyint(3) unsigned NOT NULL DEFAULT '1' COMMENT '状态(1:正常，0:禁用)',
  `sort` int(11) unsigned NOT NULL DEFAULT '1' COMMENT '排序',
  `menu_id` bigint(20) unsigned NOT NULL COMMENT '菜单ID',
  `role_id` bigint(20) unsigned NOT NULL COMMENT '角色ID',
  PRIMARY KEY (`id`)
) ENGINE=InnoDB AUTO_INCREMENT=44713 DEFAULT CHARSET=utf8mb4 ROW_FORMAT=COMPACT COMMENT='菜单角色关联表';

#
# Data for table "sys_menu_role"
#

INSERT INTO `sys_menu_role` VALUES (44713,'2019-03-11 16:28:08','2019-03-11 16:28:08',1,1,1,1),(44714,'2019-03-11 16:28:08','2019-03-11 16:28:08',1,1,2,1),(44715,'2019-03-11 16:28:08','2019-03-11 16:28:08',1,1,3,1),(44716,'2019-03-11 16:28:08','2019-03-11 16:28:08',1,1,85,1),(44717,'2019-03-11 16:28:08','2019-03-11 16:28:08',1,1,474,1),(44718,'2019-03-11 16:28:08','2019-03-11 16:28:08',1,1,473,1),(44719,'2019-03-11 16:28:08','2019-03-11 16:28:08',1,1,412,1),(44720,'2019-03-11 16:28:08','2019-03-11 16:28:08',1,1,411,1),(44721,'2019-03-11 16:28:08','2019-03-11 16:28:08',1,1,410,1),(44722,'2019-03-11 16:28:08','2019-03-11 16:28:08',1,1,211,1),(44723,'2019-03-11 16:28:08','2019-03-11 16:28:08',1,1,16,1),(44724,'2019-03-11 16:28:08','2019-03-11 16:28:08',1,1,301,1),(44725,'2019-03-11 16:28:08','2019-03-11 16:28:08',1,1,175,1),(44726,'2019-03-11 16:28:08','2019-03-11 16:28:08',1,1,176,1),(44727,'2019-03-11 16:28:08','2019-03-11 16:28:08',1,1,178,1),(44728,'2019-03-11 16:28:08','2019-03-11 16:28:08',1,1,180,1),(44729,'2019-03-11 16:28:08','2019-03-11 16:28:08',1,1,476,1),(44730,'2019-03-11 16:28:08','2019-03-11 16:28:08',1,1,475,1),(44731,'2019-03-11 16:28:08','2019-03-11 16:28:08',1,1,291,1),(44732,'2019-03-11 16:28:08','2019-03-11 16:28:08',1,1,299,1),(44733,'2019-03-11 16:28:08','2019-03-11 16:28:08',1,1,300,1),(44734,'2019-03-11 16:28:08','2019-03-11 16:28:08',1,1,413,1),(44735,'2019-03-11 16:28:08','2019-03-11 16:28:08',1,1,303,1),(44736,'2019-03-11 16:28:08','2019-03-11 16:28:08',1,1,305,1),(44737,'2019-03-11 16:28:08','2019-03-11 16:28:08',1,1,312,1),(44738,'2019-03-11 16:28:08','2019-03-11 16:28:08',1,1,511,1),(44739,'2019-03-11 16:28:08','2019-03-11 16:28:08',1,1,308,1),(44740,'2019-03-11 16:28:08','2019-03-11 16:28:08',1,1,518,1),(44741,'2019-03-11 16:28:08','2019-03-11 16:28:08',1,1,517,1),(44742,'2019-03-11 16:28:08','2019-03-11 16:28:08',1,1,516,1),(44743,'2019-03-11 16:28:08','2019-03-11 16:28:08',1,1,515,1),(44744,'2019-03-11 16:28:08','2019-03-11 16:28:08',1,1,514,1),(44745,'2019-03-11 16:28:08','2019-03-11 16:28:08',1,1,513,1),(44746,'2019-03-11 16:28:08','2019-03-11 16:28:08',1,1,512,1),(44747,'2019-03-11 16:28:08','2019-03-11 16:28:08',1,1,478,1),(44748,'2019-03-11 16:28:08','2019-03-11 16:28:08',1,1,477,1),(44749,'2019-03-11 16:28:08','2019-03-11 16:28:08',1,1,307,1),(44750,'2019-03-11 16:28:08','2019-03-11 16:28:08',1,1,343,1),(44751,'2019-03-11 16:28:08','2019-03-11 16:28:08',1,1,344,1),(44752,'2019-03-11 16:28:08','2019-03-11 16:28:08',1,1,371,1),(44753,'2019-03-11 16:28:08','2019-03-11 16:28:08',1,1,504,1),(44754,'2019-03-11 16:28:08','2019-03-11 16:28:08',1,1,503,1),(44755,'2019-03-11 16:28:08','2019-03-11 16:28:08',1,1,350,1),(44756,'2019-03-11 16:28:08','2019-03-11 16:28:08',1,1,348,1),(44757,'2019-03-11 16:28:08','2019-03-11 16:28:08',1,1,347,1),(44758,'2019-03-11 16:28:08','2019-03-11 16:28:08',1,1,345,1),(44759,'2019-03-11 16:28:08','2019-03-11 16:28:08',1,1,366,1),(44760,'2019-03-11 16:28:08','2019-03-11 16:28:08',1,1,356,1),(44761,'2019-03-11 16:28:08','2019-03-11 16:28:08',1,1,505,1),(44762,'2019-03-11 16:28:08','2019-03-11 16:28:08',1,1,507,1),(44763,'2019-03-11 16:28:08','2019-03-11 16:28:08',1,1,508,1),(44764,'2019-03-11 16:28:08','2019-03-11 16:28:08',1,1,506,1),(44765,'2019-03-11 16:28:08','2019-03-11 16:28:08',1,1,359,1),(44766,'2019-03-11 16:28:08','2019-03-11 16:28:08',1,1,358,1),(44767,'2019-03-11 16:28:08','2019-03-11 16:28:08',1,1,357,1),(44768,'2019-03-11 16:28:08','2019-03-11 16:28:08',1,1,355,1),(44769,'2019-03-11 16:28:08','2019-03-11 16:28:08',1,1,353,1),(44770,'2019-03-11 16:28:08','2019-03-11 16:28:08',1,1,346,1),(44771,'2019-03-11 16:28:08','2019-03-11 16:28:08',1,1,509,1),(44772,'2019-03-11 16:28:08','2019-03-11 16:28:08',1,1,369,1),(44773,'2019-03-11 16:28:08','2019-03-11 16:28:08',1,1,510,1),(44774,'2019-03-11 16:28:08','2019-03-11 16:28:08',1,1,362,1),(44775,'2019-03-11 16:28:08','2019-03-11 16:28:08',1,1,361,1),(44776,'2019-03-11 16:28:08','2019-03-11 16:28:08',1,1,360,1),(44777,'2019-03-11 16:28:08','2019-03-11 16:28:08',1,1,538,1),(44778,'2019-03-11 16:28:08','2019-03-11 16:28:08',1,1,539,1),(44779,'2019-03-11 16:28:08','2019-03-11 16:28:08',1,1,540,1),(44780,'2019-03-11 16:28:08','2019-03-11 16:28:08',1,1,558,1),(44781,'2019-03-11 16:28:08','2019-03-11 16:28:08',1,1,557,1),(44782,'2019-03-11 16:28:08','2019-03-11 16:28:08',1,1,547,1),(44783,'2019-03-11 16:28:08','2019-03-11 16:28:08',1,1,546,1),(44784,'2019-03-11 16:28:08','2019-03-11 16:28:08',1,1,544,1),(44785,'2019-03-11 16:28:08','2019-03-11 16:28:08',1,1,543,1),(44786,'2019-03-11 16:28:08','2019-03-11 16:28:08',1,1,541,1),(44787,'2019-03-11 16:28:08','2019-03-11 16:28:08',1,1,14,1),(44788,'2019-03-11 16:28:08','2019-03-11 16:28:08',1,1,38,1),(44789,'2019-03-11 16:28:08','2019-03-11 16:28:08',1,1,76,1),(44790,'2019-03-11 16:28:08','2019-03-11 16:28:08',1,1,498,1),(44791,'2019-03-11 16:28:08','2019-03-11 16:28:08',1,1,406,1),(44792,'2019-03-11 16:28:08','2019-03-11 16:28:08',1,1,409,1),(44793,'2019-03-11 16:28:08','2019-03-11 16:28:08',1,1,408,1),(44794,'2019-03-11 16:28:08','2019-03-11 16:28:08',1,1,96,1),(44795,'2019-03-11 16:28:08','2019-03-11 16:28:08',1,1,124,1),(44796,'2019-03-11 16:28:08','2019-03-11 16:28:08',1,1,122,1),(44797,'2019-03-11 16:28:08','2019-03-11 16:28:08',1,1,500,1),(44798,'2019-03-11 16:28:08','2019-03-11 16:28:08',1,1,499,1),(44799,'2019-03-11 16:28:08','2019-03-11 16:28:08',1,1,416,1),(44800,'2019-03-11 16:28:08','2019-03-11 16:28:08',1,1,268,1),(44801,'2019-03-11 16:28:08','2019-03-11 16:28:08',1,1,121,1),(44802,'2019-03-11 16:28:08','2019-03-11 16:28:08',1,1,39,1),(44803,'2019-03-11 16:28:08','2019-03-11 16:28:08',1,1,79,1),(44804,'2019-03-11 16:28:08','2019-03-11 16:28:08',1,1,519,1),(44805,'2019-03-11 16:28:08','2019-03-11 16:28:08',1,1,103,1),(44806,'2019-03-11 16:28:08','2019-03-11 16:28:08',1,1,100,1),(44807,'2019-03-11 16:28:08','2019-03-11 16:28:08',1,1,339,1),(44808,'2019-03-11 16:28:08','2019-03-11 16:28:08',1,1,105,1),(44809,'2019-03-11 16:28:08','2019-03-11 16:28:08',1,1,502,1),(44810,'2019-03-11 16:28:08','2019-03-11 16:28:08',1,1,501,1),(44811,'2019-03-11 16:28:08','2019-03-11 16:28:08',1,1,8,1),(44812,'2019-03-11 16:28:08','2019-03-11 16:28:08',1,1,11,1),(44813,'2019-03-11 16:28:08','2019-03-11 16:28:08',1,1,27,1),(44814,'2019-03-11 16:28:08','2019-03-11 16:28:08',1,1,492,1),(44815,'2019-03-11 16:28:08','2019-03-11 16:28:08',1,1,442,1),(44816,'2019-03-11 16:28:08','2019-03-11 16:28:08',1,1,402,1),(44817,'2019-03-11 16:28:08','2019-03-11 16:28:08',1,1,417,1),(44818,'2019-03-11 16:28:08','2019-03-11 16:28:08',1,1,404,1),(44819,'2019-03-11 16:28:08','2019-03-11 16:28:08',1,1,148,1),(44820,'2019-03-11 16:28:08','2019-03-11 16:28:08',1,1,520,1),(44821,'2019-03-11 16:28:08','2019-03-11 16:28:08',1,1,495,1),(44822,'2019-03-11 16:28:08','2019-03-11 16:28:08',1,1,493,1),(44823,'2019-03-11 16:28:08','2019-03-11 16:28:08',1,1,372,1),(44824,'2019-03-11 16:28:08','2019-03-11 16:28:08',1,1,154,1),(44825,'2019-03-11 16:28:08','2019-03-11 16:28:08',1,1,494,1),(44826,'2019-03-11 16:28:08','2019-03-11 16:28:08',1,1,332,1),(44827,'2019-03-11 16:28:08','2019-03-11 16:28:08',1,1,418,1),(44828,'2019-03-11 16:28:08','2019-03-11 16:28:08',1,1,10,1),(44829,'2019-03-11 16:28:08','2019-03-11 16:28:08',1,1,28,1),(44830,'2019-03-11 16:28:08','2019-03-11 16:28:08',1,1,497,1),(44831,'2019-03-11 16:28:08','2019-03-11 16:28:08',1,1,419,1),(44832,'2019-03-11 16:28:08','2019-03-11 16:28:08',1,1,337,1),(44833,'2019-03-11 16:28:08','2019-03-11 16:28:08',1,1,496,1),(44834,'2019-03-11 16:28:08','2019-03-11 16:28:08',1,1,293,1),(44835,'2019-03-11 16:28:08','2019-03-11 16:28:08',1,1,336,1),(44836,'2019-03-11 16:28:08','2019-03-11 16:28:08',1,1,13,1),(44837,'2019-03-11 16:28:08','2019-03-11 16:28:08',1,1,30,1),(44838,'2019-03-11 16:28:08','2019-03-11 16:28:08',1,1,33,1),(44839,'2019-03-11 16:28:08','2019-03-11 16:28:08',1,1,421,1),(44840,'2019-03-11 16:28:08','2019-03-11 16:28:08',1,1,277,1),(44841,'2019-03-11 16:28:08','2019-03-11 16:28:08',1,1,210,1),(44842,'2019-03-11 16:28:08','2019-03-11 16:28:08',1,1,82,1),(44843,'2019-03-11 16:28:08','2019-03-11 16:28:08',1,1,81,1),(44844,'2019-03-11 16:28:08','2019-03-11 16:28:08',1,1,17,1),(44845,'2019-03-11 16:28:08','2019-03-11 16:28:08',1,1,52,1),(44846,'2019-03-11 16:28:08','2019-03-11 16:28:08',1,1,57,1),(44847,'2019-03-11 16:28:08','2019-03-11 16:28:08',1,1,490,1),(44848,'2019-03-11 16:28:08','2019-03-11 16:28:08',1,1,71,1),(44849,'2019-03-11 16:28:08','2019-03-11 16:28:08',1,1,70,1),(44850,'2019-03-11 16:28:08','2019-03-11 16:28:08',1,1,556,1),(44851,'2019-03-11 16:28:08','2019-03-11 16:28:08',1,1,555,1),(44852,'2019-03-11 16:28:08','2019-03-11 16:28:08',1,1,488,1),(44853,'2019-03-11 16:28:08','2019-03-11 16:28:08',1,1,487,1),(44854,'2019-03-11 16:28:08','2019-03-11 16:28:08',1,1,486,1),(44855,'2019-03-11 16:28:08','2019-03-11 16:28:08',1,1,434,1),(44856,'2019-03-11 16:28:08','2019-03-11 16:28:08',1,1,432,1),(44857,'2019-03-11 16:28:08','2019-03-11 16:28:08',1,1,114,1),(44858,'2019-03-11 16:28:08','2019-03-11 16:28:08',1,1,69,1),(44859,'2019-03-11 16:28:08','2019-03-11 16:28:08',1,1,491,1),(44860,'2019-03-11 16:28:08','2019-03-11 16:28:08',1,1,489,1),(44861,'2019-03-11 16:28:08','2019-03-11 16:28:08',1,1,422,1),(44862,'2019-03-11 16:28:08','2019-03-11 16:28:08',1,1,56,1),(44863,'2019-03-11 16:28:08','2019-03-11 16:28:08',1,1,68,1),(44864,'2019-03-11 16:28:08','2019-03-11 16:28:08',1,1,65,1),(44865,'2019-03-11 16:28:08','2019-03-11 16:28:08',1,1,64,1),(44866,'2019-03-11 16:28:08','2019-03-11 16:28:08',1,1,485,1),(44867,'2019-03-11 16:28:08','2019-03-11 16:28:08',1,1,484,1),(44868,'2019-03-11 16:28:08','2019-03-11 16:28:08',1,1,483,1),(44869,'2019-03-11 16:28:08','2019-03-11 16:28:08',1,1,63,1),(44870,'2019-03-11 16:28:08','2019-03-11 16:28:08',1,1,326,1),(44871,'2019-03-11 16:28:08','2019-03-11 16:28:08',1,1,438,1),(44872,'2019-03-11 16:28:08','2019-03-11 16:28:08',1,1,436,1),(44873,'2019-03-11 16:28:08','2019-03-11 16:28:08',1,1,482,1),(44874,'2019-03-11 16:28:08','2019-03-11 16:28:08',1,1,481,1),(44875,'2019-03-11 16:28:08','2019-03-11 16:28:08',1,1,440,1),(44876,'2019-03-11 16:28:08','2019-03-11 16:28:08',1,1,439,1),(44877,'2019-03-11 16:28:08','2019-03-11 16:28:08',1,1,341,1),(44878,'2019-03-11 16:28:08','2019-03-11 16:28:08',1,1,342,1),(44879,'2019-03-11 16:28:08','2019-03-11 16:28:08',1,1,426,1),(44880,'2019-03-11 16:28:08','2019-03-11 16:28:08',1,1,423,1),(44881,'2019-03-11 16:28:08','2019-03-11 16:28:08',1,1,480,1),(44882,'2019-03-11 16:28:08','2019-03-11 16:28:08',1,1,479,1),(44883,'2019-03-11 16:28:08','2019-03-11 16:28:08',1,1,428,1),(44884,'2019-03-11 16:28:08','2019-03-11 16:28:08',1,1,425,1),(44885,'2019-03-11 16:28:08','2019-03-11 16:28:08',1,1,521,1),(44886,'2019-03-11 16:28:08','2019-03-11 16:28:08',1,1,528,1),(44887,'2019-03-11 16:28:08','2019-03-11 16:28:08',1,1,552,1),(44888,'2019-03-11 16:28:08','2019-03-11 16:28:08',1,1,551,1),(44889,'2019-03-11 16:28:08','2019-03-11 16:28:08',1,1,533,1),(44890,'2019-03-11 16:28:08','2019-03-11 16:28:08',1,1,530,1),(44891,'2019-03-11 16:28:08','2019-03-11 16:28:08',1,1,529,1),(44892,'2019-03-11 16:28:08','2019-03-11 16:28:08',1,1,526,1),(44893,'2019-03-11 16:28:08','2019-03-11 16:28:08',1,1,527,1),(44894,'2019-03-11 16:28:08','2019-03-11 16:28:08',1,1,522,1),(44895,'2019-03-11 16:28:08','2019-03-11 16:28:08',1,1,550,1),(44896,'2019-03-11 16:28:08','2019-03-11 16:28:08',1,1,549,1),(44897,'2019-03-11 16:28:08','2019-03-11 16:28:08',1,1,525,1),(44898,'2019-03-11 16:28:08','2019-03-11 16:28:08',1,1,524,1),(44899,'2019-03-11 16:28:08','2019-03-11 16:28:08',1,1,523,1),(44900,'2019-03-11 16:28:08','2019-03-11 16:28:08',1,1,535,1),(44901,'2019-03-11 16:28:08','2019-03-11 16:28:08',1,1,536,1),(44902,'2019-03-11 16:28:08','2019-03-11 16:28:08',1,1,554,1),(44903,'2019-03-11 16:28:08','2019-03-11 16:28:08',1,1,559,1),(44904,'2019-03-11 16:28:08','2019-03-11 16:28:08',1,1,560,1),(44905,'2019-03-11 16:28:08','2019-03-11 16:28:08',1,1,563,1),(44906,'2019-03-11 16:28:08','2019-03-11 16:28:08',1,1,562,1),(44907,'2019-03-11 16:28:08','2019-03-11 16:28:08',1,1,561,1),(44908,'2019-03-11 16:28:08','2019-03-11 16:28:08',1,1,327,1),(44909,'2019-03-11 16:28:08','2019-03-11 16:28:08',1,1,329,1),(44910,'2019-03-11 16:28:08','2019-03-11 16:28:08',1,1,328,1),(44911,'2019-03-11 16:28:24','2019-03-11 16:28:24',1,1,1,3),(44912,'2019-03-11 16:28:24','2019-03-11 16:28:24',1,1,2,3),(44913,'2019-03-11 16:28:24','2019-03-11 16:28:24',1,1,3,3),(44914,'2019-03-11 16:28:24','2019-03-11 16:28:24',1,1,85,3),(44915,'2019-03-11 16:28:24','2019-03-11 16:28:24',1,1,412,3),(44916,'2019-03-11 16:28:24','2019-03-11 16:28:24',1,1,411,3),(44917,'2019-03-11 16:28:24','2019-03-11 16:28:24',1,1,410,3),(44918,'2019-03-11 16:28:24','2019-03-11 16:28:24',1,1,211,3),(44919,'2019-03-11 16:28:24','2019-03-11 16:28:24',1,1,16,3),(44920,'2019-03-11 16:28:24','2019-03-11 16:28:24',1,1,301,3),(44921,'2019-03-11 16:28:24','2019-03-11 16:28:24',1,1,175,3),(44922,'2019-03-11 16:28:24','2019-03-11 16:28:24',1,1,176,3),(44923,'2019-03-11 16:28:24','2019-03-11 16:28:24',1,1,178,3),(44924,'2019-03-11 16:28:24','2019-03-11 16:28:24',1,1,299,3),(44925,'2019-03-11 16:28:24','2019-03-11 16:28:24',1,1,300,3),(44926,'2019-03-11 16:28:24','2019-03-11 16:28:24',1,1,303,3),(44927,'2019-03-11 16:28:24','2019-03-11 16:28:24',1,1,305,3),(44928,'2019-03-11 16:28:24','2019-03-11 16:28:24',1,1,312,3),(44929,'2019-03-11 16:28:24','2019-03-11 16:28:24',1,1,308,3),(44930,'2019-03-11 16:28:24','2019-03-11 16:28:24',1,1,516,3),(44931,'2019-03-11 16:28:24','2019-03-11 16:28:24',1,1,515,3),(44932,'2019-03-11 16:28:24','2019-03-11 16:28:24',1,1,513,3),(44933,'2019-03-11 16:28:24','2019-03-11 16:28:24',1,1,512,3),(44934,'2019-03-11 16:28:24','2019-03-11 16:28:24',1,1,343,3),(44935,'2019-03-11 16:28:24','2019-03-11 16:28:24',1,1,344,3),(44936,'2019-03-11 16:28:24','2019-03-11 16:28:24',1,1,350,3),(44937,'2019-03-11 16:28:24','2019-03-11 16:28:24',1,1,348,3),(44938,'2019-03-11 16:28:24','2019-03-11 16:28:24',1,1,345,3),(44939,'2019-03-11 16:28:24','2019-03-11 16:28:24',1,1,366,3),(44940,'2019-03-11 16:28:24','2019-03-11 16:28:24',1,1,356,3),(44941,'2019-03-11 16:28:24','2019-03-11 16:28:24',1,1,359,3),(44942,'2019-03-11 16:28:24','2019-03-11 16:28:24',1,1,358,3),(44943,'2019-03-11 16:28:24','2019-03-11 16:28:24',1,1,355,3),(44944,'2019-03-11 16:28:24','2019-03-11 16:28:24',1,1,346,3),(44945,'2019-03-11 16:28:24','2019-03-11 16:28:24',1,1,369,3),(44946,'2019-03-11 16:28:24','2019-03-11 16:28:24',1,1,362,3),(44947,'2019-03-11 16:28:24','2019-03-11 16:28:24',1,1,538,3),(44948,'2019-03-11 16:28:24','2019-03-11 16:28:24',1,1,539,3),(44949,'2019-03-11 16:28:24','2019-03-11 16:28:24',1,1,540,3),(44950,'2019-03-11 16:28:24','2019-03-11 16:28:24',1,1,557,3),(44951,'2019-03-11 16:28:24','2019-03-11 16:28:24',1,1,544,3),(44952,'2019-03-11 16:28:24','2019-03-11 16:28:24',1,1,541,3),(44953,'2019-03-11 16:28:24','2019-03-11 16:28:24',1,1,14,3),(44954,'2019-03-11 16:28:24','2019-03-11 16:28:24',1,1,38,3),(44955,'2019-03-11 16:28:24','2019-03-11 16:28:24',1,1,76,3),(44956,'2019-03-11 16:28:24','2019-03-11 16:28:24',1,1,406,3),(44957,'2019-03-11 16:28:24','2019-03-11 16:28:24',1,1,409,3),(44958,'2019-03-11 16:28:24','2019-03-11 16:28:24',1,1,408,3),(44959,'2019-03-11 16:28:24','2019-03-11 16:28:24',1,1,96,3),(44960,'2019-03-11 16:28:24','2019-03-11 16:28:24',1,1,124,3),(44961,'2019-03-11 16:28:24','2019-03-11 16:28:24',1,1,122,3),(44962,'2019-03-11 16:28:24','2019-03-11 16:28:24',1,1,416,3),(44963,'2019-03-11 16:28:24','2019-03-11 16:28:24',1,1,121,3),(44964,'2019-03-11 16:28:24','2019-03-11 16:28:24',1,1,39,3),(44965,'2019-03-11 16:28:24','2019-03-11 16:28:24',1,1,79,3),(44966,'2019-03-11 16:28:24','2019-03-11 16:28:24',1,1,519,3),(44967,'2019-03-11 16:28:24','2019-03-11 16:28:24',1,1,103,3),(44968,'2019-03-11 16:28:24','2019-03-11 16:28:24',1,1,100,3),(44969,'2019-03-11 16:28:24','2019-03-11 16:28:24',1,1,339,3),(44970,'2019-03-11 16:28:24','2019-03-11 16:28:24',1,1,8,3),(44971,'2019-03-11 16:28:24','2019-03-11 16:28:24',1,1,11,3),(44972,'2019-03-11 16:28:24','2019-03-11 16:28:24',1,1,27,3),(44973,'2019-03-11 16:28:24','2019-03-11 16:28:24',1,1,442,3),(44974,'2019-03-11 16:28:24','2019-03-11 16:28:24',1,1,402,3),(44975,'2019-03-11 16:28:24','2019-03-11 16:28:24',1,1,417,3),(44976,'2019-03-11 16:28:24','2019-03-11 16:28:24',1,1,148,3),(44977,'2019-03-11 16:28:24','2019-03-11 16:28:24',1,1,520,3),(44978,'2019-03-11 16:28:24','2019-03-11 16:28:24',1,1,495,3),(44979,'2019-03-11 16:28:24','2019-03-11 16:28:24',1,1,372,3),(44980,'2019-03-11 16:28:24','2019-03-11 16:28:24',1,1,154,3),(44981,'2019-03-11 16:28:24','2019-03-11 16:28:24',1,1,418,3),(44982,'2019-03-11 16:28:24','2019-03-11 16:28:24',1,1,10,3),(44983,'2019-03-11 16:28:24','2019-03-11 16:28:24',1,1,28,3),(44984,'2019-03-11 16:28:24','2019-03-11 16:28:24',1,1,419,3),(44985,'2019-03-11 16:28:24','2019-03-11 16:28:24',1,1,13,3),(44986,'2019-03-11 16:28:24','2019-03-11 16:28:24',1,1,30,3),(44987,'2019-03-11 16:28:24','2019-03-11 16:28:24',1,1,33,3),(44988,'2019-03-11 16:28:24','2019-03-11 16:28:24',1,1,421,3),(44989,'2019-03-11 16:28:24','2019-03-11 16:28:24',1,1,82,3),(44990,'2019-03-11 16:28:24','2019-03-11 16:28:24',1,1,81,3),(44991,'2019-03-11 16:28:24','2019-03-11 16:28:24',1,1,17,3),(44992,'2019-03-11 16:28:24','2019-03-11 16:28:24',1,1,52,3),(44993,'2019-03-11 16:28:24','2019-03-11 16:28:24',1,1,57,3),(44994,'2019-03-11 16:28:24','2019-03-11 16:28:24',1,1,490,3),(44995,'2019-03-11 16:28:24','2019-03-11 16:28:24',1,1,71,3),(44996,'2019-03-11 16:28:24','2019-03-11 16:28:24',1,1,70,3),(44997,'2019-03-11 16:28:24','2019-03-11 16:28:24',1,1,555,3),(44998,'2019-03-11 16:28:24','2019-03-11 16:28:24',1,1,434,3),(44999,'2019-03-11 16:28:24','2019-03-11 16:28:24',1,1,432,3),(45000,'2019-03-11 16:28:24','2019-03-11 16:28:24',1,1,114,3),(45001,'2019-03-11 16:28:24','2019-03-11 16:28:24',1,1,56,3),(45002,'2019-03-11 16:28:24','2019-03-11 16:28:24',1,1,68,3),(45003,'2019-03-11 16:28:24','2019-03-11 16:28:24',1,1,65,3),(45004,'2019-03-11 16:28:24','2019-03-11 16:28:24',1,1,64,3),(45005,'2019-03-11 16:28:24','2019-03-11 16:28:24',1,1,326,3),(45006,'2019-03-11 16:28:24','2019-03-11 16:28:24',1,1,438,3),(45007,'2019-03-11 16:28:24','2019-03-11 16:28:24',1,1,436,3),(45008,'2019-03-11 16:28:24','2019-03-11 16:28:24',1,1,341,3),(45009,'2019-03-11 16:28:24','2019-03-11 16:28:24',1,1,342,3),(45010,'2019-03-11 16:28:24','2019-03-11 16:28:24',1,1,426,3),(45011,'2019-03-11 16:28:24','2019-03-11 16:28:24',1,1,423,3),(45012,'2019-03-11 16:28:24','2019-03-11 16:28:24',1,1,425,3),(45013,'2019-03-11 16:28:24','2019-03-11 16:28:24',1,1,535,3),(45014,'2019-03-11 16:28:24','2019-03-11 16:28:24',1,1,536,3),(45015,'2019-03-11 16:28:24','2019-03-11 16:28:24',1,1,554,3),(45016,'2019-03-11 16:28:24','2019-03-11 16:28:24',1,1,559,3),(45017,'2019-03-11 16:28:24','2019-03-11 16:28:24',1,1,560,3),(45018,'2019-03-11 16:28:24','2019-03-11 16:28:24',1,1,561,3),(45019,'2019-03-11 16:28:24','2019-03-11 16:28:24',1,1,327,3),(45020,'2019-03-11 16:28:24','2019-03-11 16:28:24',1,1,329,3),(45021,'2019-03-11 16:28:24','2019-03-11 16:28:24',1,1,328,3);

#
# Structure for table "sys_role"
#

CREATE TABLE `sys_role` (
  `id` bigint(20) unsigned NOT NULL AUTO_INCREMENT COMMENT '主键',
  `gmt_create` datetime NOT NULL DEFAULT CURRENT_TIMESTAMP COMMENT '创建时间',
  `gmt_modified` datetime NOT NULL DEFAULT CURRENT_TIMESTAMP COMMENT '修改时间',
  `status_id` tinyint(3) unsigned NOT NULL DEFAULT '1' COMMENT '状态(1:正常，0:禁用)',
  `sort` int(11) unsigned NOT NULL DEFAULT '1' COMMENT '排序',
  `role_name` varchar(50) NOT NULL COMMENT '名称',
  `remark` varchar(255) NOT NULL COMMENT '备注',
  PRIMARY KEY (`id`)
) ENGINE=InnoDB AUTO_INCREMENT=5 DEFAULT CHARSET=utf8mb4 ROW_FORMAT=COMPACT COMMENT='角色信息';

#
# Data for table "sys_role"
#

INSERT INTO `sys_role` VALUES (1,'2018-02-06 15:47:52','2018-03-30 15:12:07',1,1,'超级管理员','管理后台全部权限'),(3,'2018-12-28 18:23:38','2018-12-28 18:23:38',1,1,'测试人员','该用户仅有查看功能');

#
# Structure for table "sys_role_user"
#

CREATE TABLE `sys_role_user` (
  `id` bigint(20) unsigned NOT NULL AUTO_INCREMENT COMMENT '主键',
  `gmt_create` datetime NOT NULL DEFAULT CURRENT_TIMESTAMP COMMENT '创建时间',
  `gmt_modified` datetime NOT NULL DEFAULT CURRENT_TIMESTAMP COMMENT '修改时间',
  `status_id` tinyint(3) unsigned NOT NULL DEFAULT '1' COMMENT '状态(1:正常，0:禁用)',
  `sort` int(11) unsigned NOT NULL DEFAULT '1' COMMENT '排序',
  `role_id` bigint(20) unsigned NOT NULL COMMENT '角色ID',
  `user_id` bigint(20) unsigned NOT NULL DEFAULT '0' COMMENT '用户ID',
  PRIMARY KEY (`id`)
) ENGINE=InnoDB AUTO_INCREMENT=85 DEFAULT CHARSET=utf8mb4 ROW_FORMAT=COMPACT COMMENT='角色用户关联表';

#
# Data for table "sys_role_user"
#

INSERT INTO `sys_role_user` VALUES (10,'2018-02-26 11:38:58','2018-02-26 11:38:58',1,1,1,1),(11,'2018-02-26 11:38:58','2018-02-26 11:38:58',1,1,2,1),(12,'2018-02-26 11:38:58','2018-02-26 11:38:58',1,1,3,1),(13,'2018-02-26 15:12:37','2018-02-26 15:12:37',1,1,1,8),(14,'2018-02-26 15:12:37','2018-02-26 15:12:37',1,1,2,8),(15,'2018-02-26 15:12:37','2018-02-26 15:12:37',1,1,3,8),(16,'2018-02-26 15:28:45','2018-02-26 15:28:45',1,1,1,9),(17,'2018-02-26 15:28:46','2018-02-26 15:28:46',1,1,2,9),(18,'2018-02-26 15:28:46','2018-02-26 15:28:46',1,1,3,9),(19,'2018-02-26 15:38:22','2018-02-26 15:38:22',1,1,1,10),(20,'2018-02-26 15:38:22','2018-02-26 15:38:22',1,1,2,10),(21,'2018-02-26 15:38:22','2018-02-26 15:38:22',1,1,3,10),(22,'2018-02-27 10:35:27','2018-02-27 10:35:27',1,1,1,5),(23,'2018-02-27 10:35:27','2018-02-27 10:35:27',1,1,2,5),(24,'2018-02-27 10:35:27','2018-02-27 10:35:27',1,1,3,5),(25,'2018-03-13 11:05:25','2018-03-13 11:05:25',1,1,1,11),(26,'2018-03-13 11:05:25','2018-03-13 11:05:25',1,1,2,11),(27,'2018-03-13 11:05:25','2018-03-13 11:05:25',1,1,3,11),(32,'2018-03-16 15:29:22','2018-03-16 15:29:22',1,1,6,19),(46,'2018-03-30 18:03:53','2018-03-30 18:03:53',1,1,1,12),(47,'2018-03-30 18:03:53','2018-03-30 18:03:53',1,1,4,12),(48,'2018-03-31 10:59:36','2018-03-31 10:59:36',1,1,4,22),(51,'2018-03-31 11:14:24','2018-03-31 11:14:24',1,1,4,25),(72,'2018-05-10 15:28:33','2018-05-10 15:28:33',1,1,1,26),(80,'2018-05-21 16:24:49','2018-05-21 16:24:49',1,1,4,32),(82,'2018-12-28 18:27:57','2018-12-28 18:27:57',1,1,3,2);

#
# Structure for table "sys_user"
#

CREATE TABLE `sys_user` (
  `id` bigint(20) unsigned NOT NULL AUTO_INCREMENT COMMENT '主键',
  `gmt_create` datetime NOT NULL DEFAULT CURRENT_TIMESTAMP COMMENT '创建时间',
  `gmt_modified` datetime NOT NULL DEFAULT CURRENT_TIMESTAMP COMMENT '修改时间',
  `status_id` tinyint(3) unsigned NOT NULL DEFAULT '1' COMMENT '状态(1:正常，0:禁用)',
  `sort` int(11) unsigned NOT NULL DEFAULT '1' COMMENT '排序',
  `user_no` bigint(20) NOT NULL COMMENT '用户编号',
  `mobile` char(11) NOT NULL DEFAULT '' COMMENT '手机',
  `real_name` varchar(50) NOT NULL COMMENT '真实姓名',
  `remark` varchar(255) DEFAULT NULL COMMENT '备注',
  PRIMARY KEY (`id`),
  UNIQUE KEY `AK_phone` (`mobile`)
) ENGINE=InnoDB AUTO_INCREMENT=5 DEFAULT CHARSET=utf8mb4 ROW_FORMAT=COMPACT COMMENT='后台用户信息';

#
# Data for table "sys_user"
#

INSERT INTO `sys_user` VALUES (1,'2018-03-31 11:22:37','2018-05-10 15:28:40',1,1,2018033111202589416,'18800000000','超级管理员','超级管理员'),(2,'2018-12-28 16:57:47','2018-12-28 16:57:47',1,1,2018112209531803,'13800000000','普通用户','测试demo用户');
